model,year,fleiss_kappa,chi2,chi2_p,cramers_v,chi2_significant,ttest_significant_demos,anova_challenge_F,anova_challenge_p,anova_language_F,anova_language_p,anova_balance_F,anova_balance_p,source
Human,2023,0.10272,,,,,Experience,8.4024,0.000665,7.2819,0.001444,0.2017,0.818007,verified_2023
GPT-3.5-Turbo,2023,0.24127,18.7488634885884,0.0008804411658253774,0.22271095159248133,True,none,8.4024,0.000665,7.2819,0.001444,0.2017,0.818007,verified_2023
LLaMA-2-7B,2023,0.238,,,,,none,8.4024,0.000665,7.2819,0.001444,0.2017,0.818007,verified_2023
GPT-4o,2026,0.4804,2.8647,0.580721,0.0803,False,none,41.8251,0.0,102.9561,0.0,236.7959,0.0,computed_2026
Claude Sonnet 4-6,2026,0.48651,1.8758,0.758582,0.0683,False,none,41.8251,0.0,102.9561,0.0,236.7959,0.0,computed_2026
LLaMA-3.3-70B,2026,0.47985,5.291,0.25872,0.1033,False,none,41.8251,0.0,102.9561,0.0,236.7959,0.0,computed_2026
